{"assets/icons/adjustments.svg":["assets/icons/adjustments.svg"],"assets/icons/bell-outlined.svg":["assets/icons/bell-outlined.svg"],"assets/icons/bell.svg":["assets/icons/bell.svg"],"assets/icons/calendar-outlined.svg":["assets/icons/calendar-outlined.svg"],"assets/icons/chat-alt.svg":["assets/icons/chat-alt.svg"],"assets/icons/chat.svg":["assets/icons/chat.svg"],"assets/icons/check-circle.svg":["assets/icons/check-circle.svg"],"assets/icons/chevron-down.svg":["assets/icons/chevron-down.svg"],"assets/icons/chevron-left.svg":["assets/icons/chevron-left.svg"],"assets/icons/chevron-right.svg":["assets/icons/chevron-right.svg"],"assets/icons/clipboard-list.svg":["assets/icons/clipboard-list.svg"],"assets/icons/clock-outlined.svg":["assets/icons/clock-outlined.svg"],"assets/icons/clock.svg":["assets/icons/clock.svg"],"assets/icons/cog.svg":["assets/icons/cog.svg"],"assets/icons/currency-dollar.svg":["assets/icons/currency-dollar.svg"],"assets/icons/dots-vertical.svg":["assets/icons/dots-vertical.svg"],"assets/icons/exclamation-circle.svg":["assets/icons/exclamation-circle.svg"],"assets/icons/eye-off-outlined.svg":["assets/icons/eye-off-outlined.svg"],"assets/icons/eye-outlined.svg":["assets/icons/eye-outlined.svg"],"assets/icons/facebook.svg":["assets/icons/facebook.svg"],"assets/icons/gift-outlined.svg":["assets/icons/gift-outlined.svg"],"assets/icons/google.svg":["assets/icons/google.svg"],"assets/icons/heart.svg":["assets/icons/heart.svg"],"assets/icons/home.svg":["assets/icons/home.svg"],"assets/icons/location-marker.svg":["assets/icons/location-marker.svg"],"assets/icons/lock-closed.svg":["assets/icons/lock-closed.svg"],"assets/icons/lock-open.svg":["assets/icons/lock-open.svg"],"assets/icons/logout.svg":["assets/icons/logout.svg"],"assets/icons/menu-alt-1.svg":["assets/icons/menu-alt-1.svg"],"assets/icons/microphone.svg":["assets/icons/microphone.svg"],"assets/icons/minus-circle.svg":["assets/icons/minus-circle.svg"],"assets/icons/office-building.svg":["assets/icons/office-building.svg"],"assets/icons/paper-airplane.svg":["assets/icons/paper-airplane.svg"],"assets/icons/paper-clip.svg":["assets/icons/paper-clip.svg"],"assets/icons/pencil-alt.svg":["assets/icons/pencil-alt.svg"],"assets/icons/phone-outgoing.svg":["assets/icons/phone-outgoing.svg"],"assets/icons/play.svg":["assets/icons/play.svg"],"assets/icons/plus-circle.svg":["assets/icons/plus-circle.svg"],"assets/icons/plus-outlined.svg":["assets/icons/plus-outlined.svg"],"assets/icons/printer.svg":["assets/icons/printer.svg"],"assets/icons/question-mark-circle.svg":["assets/icons/question-mark-circle.svg"],"assets/icons/refresh.svg":["assets/icons/refresh.svg"],"assets/icons/rss.svg":["assets/icons/rss.svg"],"assets/icons/scissors.svg":["assets/icons/scissors.svg"],"assets/icons/search.svg":["assets/icons/search.svg"],"assets/icons/shopping-bag.svg":["assets/icons/shopping-bag.svg"],"assets/icons/star.svg":["assets/icons/star.svg"],"assets/icons/status-offline.svg":["assets/icons/status-offline.svg"],"assets/icons/status-online.svg":["assets/icons/status-online.svg"],"assets/icons/table.svg":["assets/icons/table.svg"],"assets/icons/thumb-up.svg":["assets/icons/thumb-up.svg"],"assets/icons/truck.svg":["assets/icons/truck.svg"],"assets/icons/user-circle-outlined.svg":["assets/icons/user-circle-outlined.svg"],"assets/icons/user-circle.svg":["assets/icons/user-circle.svg"],"assets/icons/user-group.svg":["assets/icons/user-group.svg"],"assets/icons/verified.svg":["assets/icons/verified.svg"],"assets/icons/view-grid.svg":["assets/icons/view-grid.svg"],"assets/icons/x-circle.svg":["assets/icons/x-circle.svg"],"assets/images/001397056-1.jpeg":["assets/images/001397056-1.jpeg"],"assets/images/b.jpg":["assets/images/b.jpg"],"assets/images/background.png":["assets/images/background.png"],"assets/images/banner1.png":["assets/images/banner1.png"],"assets/images/banner1.webp":["assets/images/banner1.webp"],"assets/images/banner2.avif":["assets/images/banner2.avif"],"assets/images/banner2.jpg":["assets/images/banner2.jpg"],"assets/images/banner3.jpg":["assets/images/banner3.jpg"],"assets/images/banner4.jpg":["assets/images/banner4.jpg"],"assets/images/blessing.jpeg":["assets/images/blessing.jpeg"],"assets/images/bloodtest.jpg":["assets/images/bloodtest.jpg"],"assets/images/default.jpg":["assets/images/default.jpg"],"assets/images/haircut.jpg":["assets/images/haircut.jpg"],"assets/images/haircut2.jpg":["assets/images/haircut2.jpg"],"assets/images/haircut3.jpg":["assets/images/haircut3.jpg"],"assets/images/headache.png":["assets/images/headache.png"],"assets/images/logo.png":["assets/images/logo.png"],"assets/images/mars.jpg":["assets/images/mars.jpg"],"assets/images/mars.png":["assets/images/mars.png"],"assets/images/no-image-vector-icon-no-photo-sign-isolated_118339-3177.avif":["assets/images/no-image-vector-icon-no-photo-sign-isolated_118339-3177.avif"],"assets/images/product1.jpg":["assets/images/product1.jpg"],"assets/images/product2.jpg":["assets/images/product2.jpg"],"assets/images/product3.jpg":["assets/images/product3.jpg"],"assets/images/search.jpeg":["assets/images/search.jpeg"],"assets/images/service1.jpg":["assets/images/service1.jpg"],"assets/images/service2.jpg":["assets/images/service2.jpg"],"assets/images/service3.jpeg":["assets/images/service3.jpeg"],"assets/images/slider1.jpg":["assets/images/slider1.jpg"],"assets/images/slider2.jpg":["assets/images/slider2.jpg"],"assets/images/slider3.png":["assets/images/slider3.png"],"assets/images/teeth.png":["assets/images/teeth.png"],"assets/images/user.png":["assets/images/user.png"],"assets/images/user.webp":["assets/images/user.webp"],"assets/images/welcome.png":["assets/images/welcome.png"],"assets/images/x-ray.jpg":["assets/images/x-ray.jpg"],"assets/images/y1.jpg":["assets/images/y1.jpg"],"assets/images/y2.jpeg":["assets/images/y2.jpeg"],"assets/images/y3.jpg":["assets/images/y3.jpg"],"fonts/jost/Jost-Light.ttf":["fonts/jost/Jost-Light.ttf"],"fonts/jost/Jost-Regular.ttf":["fonts/jost/Jost-Regular.ttf"],"fonts/jost/Jost-Thin.ttf":["fonts/jost/Jost-Thin.ttf"],"packages/cupertino_icons/assets/CupertinoIcons.ttf":["packages/cupertino_icons/assets/CupertinoIcons.ttf"]}